Name,City,Salary_From,Salary_To,Currency,Experience,Employment_Type,Role
водитель-испытатель,астана,450000.0,,KZT,от 1 года до 3 лет,проектная работа,водитель
инженер-механик,астана,500000.0,800000.0,KZT,от 1 года до 3 лет,полная занятость,"сервисный инженер, инженер-механик"
мойщик посуды,астана,,15000.0,KZT,нет опыта,полная занятость,разнорабочий
проектный менеджер,астана,500000.0,1200000.0,KZT,от 1 года до 3 лет,полная занятость,руководитель проектов
главный менеджер департамента институционального развития,астана,900000.0,,KZT,более 6 лет,полная занятость,юрист
воспитатель в группу неполного дня (+подготовка к школе) для детей с ооп,астана,250000.0,350000.0,KZT,от 1 года до 3 лет,полная занятость,"воспитатель, няня"
офис-менеджер,астана,400000.0,,KZT,от 1 года до 3 лет,полная занятость,офис-менеджер
директор департамента по хозяйственной работе,астана,800000.0,,KZT,от 3 до 6 лет,полная занятость,менеджер/руководитель ахо
офис-менеджер с ведением кадрового производства,астана,499999.0,500000.0,KZT,от 3 до 6 лет,полная занятость,офис-менеджер
шеф-повар,астана,750000.0,,KZT,от 1 года до 3 лет,полная занятость,"повар, пекарь, кондитер"
главный специалист по работе с персоналом,астана,675000.0,740000.0,KZT,от 1 года до 3 лет,полная занятость,специалист по кадрам
маркетолог менеджер,астана,1000000.0,,KZT,от 1 года до 3 лет,полная занятость,"менеджер по маркетингу, интернет-маркетолог"
шеф-повар,астана,,1000000.0,KZT,от 3 до 6 лет,полная занятость,"повар, пекарь, кондитер"
менеджер кофейни,астана,300000.0,400000.0,KZT,от 1 года до 3 лет,полная занятость,менеджер ресторана
hr менеджер,астана,500000.0,500000.0,KZT,от 1 года до 3 лет,полная занятость,менеджер по персоналу
шеф де бар,астана,500000.0,,KZT,более 6 лет,полная занятость,"повар, пекарь, кондитер"
заместитель генерального директора,астана,1000000.0,,KZT,от 3 до 6 лет,полная занятость,другое
главный инженер,астана,700000.0,700000.0,KZT,более 6 лет,полная занятость,начальник производства
frontend-разработчик (react ts),астана,600000.0,700000.0,KZT,более 6 лет,полная занятость,"программист, разработчик"
qa инженер,астана,380000.0,,KZT,от 1 года до 3 лет,полная занятость,тестировщик
hr-менеджер департамента управления персоналом,астана,650000.0,650000.0,KZT,от 3 до 6 лет,проектная работа,менеджер по персоналу
frontend-разработчик в it компанию (мидл),астана,500000.0,700000.0,KZT,от 3 до 6 лет,полная занятость,"программист, разработчик"
руководитель службы безопасности (сб),астана,800000.0,1200000.0,KZT,более 6 лет,полная занятость,специалист службы безопасности
smm-менеджер,астана,200000.0,300000.0,KZT,от 1 года до 3 лет,полная занятость,"smm-менеджер, контент-менеджер"
графический дизайнер,астана,300000.0,550000.0,KZT,от 3 до 6 лет,полная занятость,"дизайнер, художник"
офис-менеджер,астана,250000.0,250000.0,KZT,нет опыта,полная занятость,офис-менеджер
графический дизайнер / дизайнер книжных обложек,астана,300000.0,380000.0,KZT,от 1 года до 3 лет,полная занятость,"дизайнер, художник"
руководитель группы по развитию,астана,750000.0,,KZT,от 3 до 6 лет,полная занятость,"директор магазина, директор сети магазинов"
су - шеф,астана,500000.0,600000.0,KZT,от 1 года до 3 лет,полная занятость,другое
старший инспектор,астана,400000.0,400000.0,KZT,от 1 года до 3 лет,полная занятость,инженер по эксплуатации
маркетолог,астана,250000.0,600000.0,KZT,от 1 года до 3 лет,полная занятость,руководитель отдела маркетинга и рекламы
заведующий производством,астана,700000.0,700000.0,KZT,более 6 лет,полная занятость,начальник производства
графический дизайнер,астана,200000.0,,KZT,от 1 года до 3 лет,полная занятость,"дизайнер, художник"
специалист по информационной безопасности,астана,490000.0,530000.0,KZT,от 3 до 6 лет,полная занятость,специалист по информационной безопасности
помощник по smm,астана,150000.0,,KZT,нет опыта,частичная занятость,"smm-менеджер, контент-менеджер"
юрист (универсал),астана,,500000.0,KZT,от 3 до 6 лет,полная занятость,юрист
архивариус,астана,145000.0,,KZT,от 1 года до 3 лет,полная занятость,"делопроизводитель, архивариус"
1с программист,астана,150000.0,500000.0,KZT,от 3 до 6 лет,полная занятость,"программист, разработчик"
менеджер по продажам,астана,1000000.0,,KZT,от 1 года до 3 лет,полная занятость,"менеджер по продажам, менеджер по работе с клиентами"
senior python developer backend,астана,200000.0,300000.0,RUR,от 3 до 6 лет,полная занятость,"программист, разработчик"
руководитель отдела маркетинга и аналитики,астана,800000.0,,KZT,более 6 лет,полная занятость,руководитель отдела маркетинга и рекламы
ведущий специалист тендерного отдела,астана,,800000.0,KZT,от 3 до 6 лет,полная занятость,специалист по тендерам
старший повар,астана,600000.0,800000.0,KZT,от 3 до 6 лет,полная занятость,"повар, пекарь, кондитер"
сварщик,астана,350000.0,400000.0,KZT,от 1 года до 3 лет,полная занятость,сварщик
менеджер по маркетингу,астана,600000.0,600000.0,KZT,от 1 года до 3 лет,полная занятость,"менеджер по маркетингу, интернет-маркетолог"
менеджер по продажам,астана,200000.0,600000.0,KZT,от 1 года до 3 лет,полная занятость,"менеджер по продажам, менеджер по работе с клиентами"
видеограф,астана,300000.0,,KZT,от 3 до 6 лет,полная занятость,"видеооператор, видеомонтажер"
юрист,астана,400000.0,400000.0,KZT,от 1 года до 3 лет,полная занятость,юрист
специалист по оружию,астана,350000.0,,KZT,от 3 до 6 лет,полная занятость,другое
дизайнер,астана,500000.0,1000000.0,KZT,нет опыта,полная занятость,"дизайнер, художник"
devops engineer,астана,2000.0,3500.0,EUR,от 3 до 6 лет,полная занятость,devops-инженер
кладовщик,астана,450000.0,550000.0,KZT,от 3 до 6 лет,полная занятость,кладовщик
менеджер по работе с клиентами,астана,500000.0,,KZT,от 1 года до 3 лет,полная занятость,"менеджер по продажам, менеджер по работе с клиентами"
инженер-конструктор,астана,300000.0,400000.0,KZT,нет опыта,полная занятость,"инженер-конструктор, инженер-проектировщик"
бизнес администратор,астана,350000.0,,KZT,от 1 года до 3 лет,полная занятость,администратор
3d дизайнер,астана,300000.0,,KZT,от 1 года до 3 лет,полная занятость,"дизайнер, художник"
hr-специалист,астана,400000.0,,KZT,от 1 года до 3 лет,полная занятость,менеджер по персоналу
hr- менеджер,астана,300000.0,,KZT,от 1 года до 3 лет,полная занятость,другое
"региональный менеджер (b2b, девелопмент, field sales)",астана,2000.0,8000.0,EUR,от 1 года до 3 лет,полная занятость,"менеджер по продажам, менеджер по работе с клиентами"
заместитель директора по продажам,астана,500000.0,1500000.0,KZT,от 3 до 6 лет,полная занятость,руководитель отдела продаж
главный менеджер департамента стратегии и корпоративного планирования,астана,750000.0,,KZT,от 3 до 6 лет,полная занятость,бизнес-аналитик
руководитель отдела кадровой политики,астана,1000000.0,,KZT,более 6 лет,полная занятость,специалист по кадрам
администратор,астана,400000.0,,KZT,от 1 года до 3 лет,полная занятость,администратор
арт-менеджер / event & entertainment manager,астана,600000.0,600000.0,KZT,более 6 лет,полная занятость,event-менеджер
повар (деми повар) горячего цеха в международный отель,астана,,320000.0,KZT,от 3 до 6 лет,полная занятость,"повар, пекарь, кондитер"
ночной аудитор (night auditor / аудитор по расчетам с гостями),астана,,350000.0,KZT,от 1 года до 3 лет,полная занятость,аудитор
смм - тик ток менеджер,астана,100000.0,300000.0,KZT,нет опыта,полная занятость,"smm-менеджер, контент-менеджер"
педагог-психолог,астана,290000.0,320000.0,KZT,от 1 года до 3 лет,полная занятость,психолог
программист-разработчик,астана,800000.0,1000000.0,KZT,от 3 до 6 лет,полная занятость,"программист, разработчик"
кадровик-делопроизводитель,астана,350000.0,380000.0,KZT,от 1 года до 3 лет,полная занятость,специалист по кадрам
devops engineer,астана,1500.0,2500.0,KGS,от 1 года до 3 лет,полная занятость,devops-инженер
senior project manager,астана,1500.0,3000.0,USD,более 6 лет,полная занятость,руководитель проектов
менеджер по продажам в beauty-компанию,астана,300000.0,1000000.0,KZT,от 1 года до 3 лет,полная занятость,"менеджер по продажам, менеджер по работе с клиентами"
менеджер по контролю и мониторингу строительных проектов,астана,600000.0,,KZT,от 3 до 6 лет,полная занятость,"инженер пто, инженер-сметчик"
junior разработчик 1с,астана,200000.0,350000.0,KZT,нет опыта,полная занятость,другое
менеджер по продажам в онлайн школу,астана,500000.0,800000.0,KZT,от 3 до 6 лет,полная занятость,"менеджер по продажам, менеджер по работе с клиентами"
маркетолог,астана,500000.0,500000.0,KZT,от 1 года до 3 лет,полная занятость,"менеджер по маркетингу, интернет-маркетолог"
аналитик данных,астана,800000.0,800000.0,KZT,от 1 года до 3 лет,полная занятость,другое
бизнес-аналитик,астана,600000.0,,KZT,от 1 года до 3 лет,полная занятость,бизнес-аналитик
hr специалист,астана,450000.0,450000.0,KZT,нет опыта,полная занятость,менеджер по персоналу
"маркетолог, контент-маркетолог в бренд женской одежды",астана,600000.0,1000000.0,KZT,от 1 года до 3 лет,полная занятость,"менеджер по маркетингу, интернет-маркетолог"
менеджер по бронированию авиабилетов,астана,300000.0,,KZT,от 1 года до 3 лет,полная занятость,менеджер по туризму
hr менеджер,астана,350000.0,400000.0,KZT,от 1 года до 3 лет,полная занятость,специалист по подбору персонала
smm-менеджер / мобилограф (быть в г.астана),астана,200000.0,350000.0,KZT,от 1 года до 3 лет,частичная занятость,"smm-менеджер, контент-менеджер"
менеджер по спортивной работе,астана,401000.0,,KZT,от 1 года до 3 лет,полная занятость,другое
java-разработчик (стажер),астана,50000.0,50000.0,KZT,нет опыта,частичная занятость,"программист, разработчик"
сетевой администратор,астана,500000.0,,KZT,от 3 до 6 лет,полная занятость,системный администратор
python разработчик middle,астана,500000.0,800000.0,KZT,от 1 года до 3 лет,полная занятость,"программист, разработчик"
главный аналитик отдела коммерческой деятельности,астана,650000.0,650000.0,KZT,от 3 до 6 лет,полная занятость,аналитик
повар в дом,астана,700000.0,1000000.0,KZT,от 3 до 6 лет,полная занятость,"повар, пекарь, кондитер"
smm-менеджер,астана,350000.0,400000.0,KZT,от 1 года до 3 лет,полная занятость,"smm-менеджер, контент-менеджер"
менеджер отдела внутреннего контроля сервиса,астана,450000.0,450000.0,KZT,от 1 года до 3 лет,полная занятость,инженер по качеству
smm-менеджер,астана,250000.0,,KZT,от 1 года до 3 лет,частичная занятость,"smm-менеджер, контент-менеджер"
региональный менеджер по продажам,астана,850000.0,,KZT,от 3 до 6 лет,полная занятость,"менеджер по продажам, менеджер по работе с клиентами"
бизнес-аналитик,астана,,2000.0,USD,от 3 до 6 лет,полная занятость,бизнес-аналитик
руководитель колл-центра,астана,2000000.0,,KZT,от 3 до 6 лет,полная занятость,"оператор call-центра, специалист контактного центра"
менеджер по подбору персонала,астана,700000.0,1000000.0,KZT,от 3 до 6 лет,полная занятость,специалист по подбору персонала
креативный дизайнер,астана,600000.0,,KZT,более 6 лет,полная занятость,"арт-директор, креативный директор"
шеф-повар (семейный),астана,600000.0,600000.0,KZT,более 6 лет,полная занятость,"повар, пекарь, кондитер"
старший системный администратор,астана,400000.0,420000.0,KZT,от 1 года до 3 лет,полная занятость,системный администратор
финансовый директор (cfo),астана,1000000.0,,KZT,от 3 до 6 лет,полная занятость,финансовый директор (cfo)
"frontend developer (js, vuejs)",астана,80000.0,,RUR,от 1 года до 3 лет,полная занятость,"программист, разработчик"
smm-менеджер в ювелирную компанию,астана,400000.0,,KZT,от 3 до 6 лет,полная занятость,"smm-менеджер, контент-менеджер"
технический менеджер,астана,450000.0,500000.0,KZT,от 1 года до 3 лет,полная занятость,другое
няня,астана,330000.0,400000.0,KZT,от 1 года до 3 лет,полная занятость,"воспитатель, няня"
ресепшионист,астана,300000.0,,KZT,от 1 года до 3 лет,полная занятость,другое
модератор,астана,255000.0,280000.0,KZT,нет опыта,полная занятость,другое
технолог,астана,500000.0,600000.0,KZT,от 3 до 6 лет,полная занятость,технолог
junior frontend (next.js) developer,астана,250000.0,400000.0,KZT,от 1 года до 3 лет,полная занятость,"программист, разработчик"
супервайзер хозяйственного отдела (housekeeping supervisor),астана,,450000.0,KZT,от 1 года до 3 лет,полная занятость,супервайзер
бухгалтер по заработной плате,астана,600000.0,600001.0,KZT,от 3 до 6 лет,полная занятость,бухгалтер
главный бухгалтер,астана,1000000.0,,KZT,более 6 лет,полная занятость,бухгалтер
оператор,астана,350000.0,,KZT,от 1 года до 3 лет,полная занятость,"видеооператор, видеомонтажер"
уборщица/уборщик в отель,астана,,204000.0,KZT,нет опыта,полная занятость,"уборщица, уборщик"
инженер кипиа,астана,440000.0,,KZT,от 1 года до 3 лет,полная занятость,инженер пнр
личный ассистент дизайнера-интерьера,астана,200000.0,300000.0,KZT,нет опыта,полная занятость,"дизайнер, художник"
дизайнер интерьера чертежник ревит,астана,75000.0,800000.0,KZT,от 1 года до 3 лет,полная занятость,"дизайнер, художник"
заведующий сектором претензионно-исковой работы,астана,1000000.0,1500000.0,KZT,более 6 лет,полная занятость,юрист
руководитель информационно-аналитического центра,астана,800000.0,,KZT,от 1 года до 3 лет,полная занятость,devops-инженер
маркетолог,астана,250000.0,350000.0,KZT,от 1 года до 3 лет,полная занятость,"менеджер по маркетингу, интернет-маркетолог"
инженер-конструктор,астана,500000.0,,KZT,от 3 до 6 лет,полная занятость,"инженер-конструктор, инженер-проектировщик"
эколог-инженер специалист в отдел природоохранного проектирования и нормирования,астана,200000.0,300000.0,KZT,нет опыта,полная занятость,"научный специалист, исследователь"
копирайтер технических текстов (студенческие работы),астана,50000.0,100000.0,RUR,нет опыта,частичная занятость,"инженер-конструктор, инженер-проектировщик"
менеджер по логистике,астана,350000.0,400000.0,KZT,нет опыта,полная занятость,"менеджер по логистике, менеджер по вэд"
шеф-повар,астана,1000000.0,1000000.0,KZT,более 6 лет,полная занятость,"повар, пекарь, кондитер"
зоотехник - ветеринар,астана,300000.0,350000.0,KZT,от 1 года до 3 лет,полная занятость,ветеринарный врач
главный эксперт системы менеджмента качества,астана,,500000.0,KZT,от 1 года до 3 лет,полная занятость,методолог
официант в международный отель,астана,250000.0,,KZT,нет опыта,полная занятость,"официант, бармен, бариста"
директор в частную начальную школу,астана,400000.0,500000.0,KZT,более 6 лет,полная занятость,"генеральный директор, исполнительный директор (ceo)"
influence manager,астана,400000.0,,KZT,от 1 года до 3 лет,полная занятость,другое
инженер-проектировщик видеонаблюдения и слаботочных систем,астана,600000.0,750000.0,KZT,от 1 года до 3 лет,полная занятость,"инженер-конструктор, инженер-проектировщик"
графический дизайнер,астана,300000.0,500000.0,KZT,от 1 года до 3 лет,полная занятость,"дизайнер, художник"
backend python developer,астана,30.0,,USD,нет опыта,полная занятость,"программист, разработчик"
delivery / flow manager,астана,,2000.0,USD,от 3 до 6 лет,полная занятость,менеджер продукта
smm-менеджер,астана,150000.0,,KZT,от 3 до 6 лет,частичная занятость,"smm-менеджер, контент-менеджер"
дизайнер-оператор в типографию,астана,220000.0,300000.0,KZT,от 1 года до 3 лет,полная занятость,"дизайнер, художник"
управляющий ресторанами сети,астана,500000.0,1000000.0,KZT,от 3 до 6 лет,полная занятость,менеджер ресторана
объектный менеджер по продажам,астана,400000.0,1200000.0,KZT,от 1 года до 3 лет,полная занятость,"менеджер по продажам, менеджер по работе с клиентами"
менеджер по продажам логистических услуг,астана,700000.0,,KZT,от 1 года до 3 лет,полная занятость,"менеджер по логистике, менеджер по вэд"
bi developer / full-stack analyst / middle data analyst,астана,400000.0,,KZT,от 1 года до 3 лет,полная занятость,"bi-аналитик, аналитик данных"
менеджер по тик ток,астана,250000.0,250000.0,KZT,нет опыта,полная занятость,менеджер продукта
визуальный мерчендайзер,астана,250000.0,250000.0,KZT,от 1 года до 3 лет,частичная занятость,мерчандайзер
руководитель отдела продаж,астана,1000000.0,3000000.0,KZT,от 1 года до 3 лет,полная занятость,руководитель отдела продаж
контент-маркетолог,астана,500000.0,,KZT,от 1 года до 3 лет,полная занятость,"менеджер по маркетингу, интернет-маркетолог"
дизайнер-технолог в мебельный цех,астана,300000.0,350000.0,KZT,нет опыта,полная занятость,технолог
дизайнер в мебельную компанию,астана,500000.0,1500000.0,KZT,от 1 года до 3 лет,полная занятость,"дизайнер, художник"
бизнес-ассистент генерального директора,астана,500000.0,,KZT,от 1 года до 3 лет,полная занятость,"секретарь, помощник руководителя, ассистент"
оператор удаленного колл-центра,астана,200000.0,,KZT,нет опыта,полная занятость,"оператор call-центра, специалист контактного центра"
архитектор-генпланист начинающий,астана,100000.0,,KZT,нет опыта,полная занятость,архитектор
2d-художник,астана,60000.0,100000.0,RUR,от 1 года до 3 лет,полная занятость,"дизайнер, художник"
воспитатель в мини-центр развития,астана,300000.0,,KZT,от 1 года до 3 лет,полная занятость,"воспитатель, няня"
smm-менеджер,астана,250000.0,450000.0,KZT,от 1 года до 3 лет,полная занятость,"smm-менеджер, контент-менеджер"
digital-маркетолог (smm + таргет),астана,250000.0,400000.0,KZT,от 1 года до 3 лет,полная занятость,"smm-менеджер, контент-менеджер"
специалист технической поддержки,астана,250000.0,300000.0,KZT,от 1 года до 3 лет,полная занятость,специалист технической поддержки
контент-маркетолог,астана,500000.0,,KZT,от 1 года до 3 лет,частичная занятость,"менеджер по маркетингу, интернет-маркетолог"
су-шеф в грузинский ресторан,астана,22000.0,22000.0,KZT,от 1 года до 3 лет,полная занятость,"повар, пекарь, кондитер"
lead business / system analyst,астана,1000000.0,,KZT,более 6 лет,полная занятость,бизнес-аналитик
стажер / junior business development manager (bizdev / lead gen),астана,400.0,1200.0,USD,нет опыта,полная занятость,другое
менеджер по продажам (домашний текстиль),астана,200000.0,500000.0,KZT,от 1 года до 3 лет,полная занятость,"менеджер по продажам, менеджер по работе с клиентами"
ai engineer,астана,,1000000.0,KZT,от 1 года до 3 лет,полная занятость,"программист, разработчик"
посыльный,астана,,270000.0,KZT,нет опыта,полная занятость,другое
главный бухгалтер в единственном лице,астана,1600000.0,,KZT,более 6 лет,полная занятость,бухгалтер
бизнес-ассистент руководителя,астана,400000.0,500000.0,KZT,от 3 до 6 лет,полная занятость,"секретарь, помощник руководителя, ассистент"
hr менеджер по персоналу,астана,500000.0,500000.0,KZT,от 3 до 6 лет,полная занятость,менеджер по персоналу
юрисконсульт,астана,500000.0,1000000.0,KZT,от 3 до 6 лет,полная занятость,юрисконсульт
аналитик-маркетолог,астана,300000.0,500000.0,KZT,от 1 года до 3 лет,полная занятость,"менеджер по маркетингу, интернет-маркетолог"
юрист,астана,350000.0,500000.0,KZT,от 3 до 6 лет,полная занятость,юрисконсульт
менеджер-дизайнер в полиграфию,астана,150000.0,500000.0,KZT,нет опыта,полная занятость,"дизайнер, художник"
бренд-менеджер,астана,450000.0,,KZT,от 3 до 6 лет,полная занятость,pr-менеджер
менеджер по продажам,астана,400000.0,,KZT,от 1 года до 3 лет,полная занятость,"менеджер по продажам, менеджер по работе с клиентами"
маркетолог,астана,500000.0,1000000.0,KZT,от 3 до 6 лет,полная занятость,"менеджер по маркетингу, интернет-маркетолог"
smm менеджер,астана,250000.0,,KZT,от 1 года до 3 лет,полная занятость,"smm-менеджер, контент-менеджер"
коммерческий директор (cco),астана,2000000.0,,KZT,от 3 до 6 лет,полная занятость,коммерческий директор (cco)
архитектор-дизайнер,астана,250000.0,500000.0,KZT,от 1 года до 3 лет,полная занятость,архитектор
smm-мобилограф,астана,350000.0,400000.0,KZT,от 1 года до 3 лет,частичная занятость,"smm-менеджер, контент-менеджер"
бизнес-аналитик,астана,500000.0,800000.0,KZT,от 3 до 6 лет,полная занятость,бизнес-аналитик
руководитель отдела маркетинга и рекламы,астана,500000.0,,KZT,от 3 до 6 лет,полная занятость,руководитель отдела маркетинга и рекламы
php backend developer (laravel),астана,550000.0,900000.0,KZT,от 3 до 6 лет,полная занятость,"программист, разработчик"
стажер-программист 1с,астана,100000.0,,KZT,нет опыта,полная занятость,"программист, разработчик"
графический дизайнер,астана,250000.0,400000.0,KZT,от 1 года до 3 лет,полная занятость,"дизайнер, художник"
junior/middle designer,астана,,400000.0,KZT,от 1 года до 3 лет,полная занятость,"дизайнер, художник"
региональный представитель,астана,,3000000.0,KZT,от 3 до 6 лет,полная занятость,"менеджер по продажам, менеджер по работе с клиентами"
инженер-проектировщик,астана,1000000.0,,KZT,от 3 до 6 лет,полная занятость,"инженер-конструктор, инженер-проектировщик"
старший су шеф,астана,25000.0,25000.0,KZT,от 3 до 6 лет,полная занятость,"повар, пекарь, кондитер"
ml-инженер,астана,1200000.0,3500000.0,KZT,от 3 до 6 лет,полная занятость,другое
frontend developer (middle / middle+),астана,650000.0,,KZT,от 3 до 6 лет,полная занятость,"программист, разработчик"
офис-менеджер (кадровое делопроизводство),астана,350000.0,400000.0,KZT,от 3 до 6 лет,полная занятость,офис-менеджер
юрист,астана,500000.0,1000000.0,KZT,от 3 до 6 лет,полная занятость,юрист
помощник инженера-конструктора,астана,150000.0,,KZT,от 1 года до 3 лет,полная занятость,"инженер-конструктор, инженер-проектировщик"
менеджер в полиграфию,астана,150000.0,300000.0,KZT,нет опыта,полная занятость,"менеджер по продажам, менеджер по работе с клиентами"
менеджер по закупкам (тендерные проекты),астана,,500000.0,KZT,от 1 года до 3 лет,полная занятость,специалист по тендерам
smm-менеджер,астана,400000.0,1000000.0,KZT,от 1 года до 3 лет,полная занятость,"smm-менеджер, контент-менеджер"
player support specialist,астана,600.0,700.0,USD,от 1 года до 3 лет,полная занятость,специалист технической поддержки
менеджер по подбору персонала,астана,300000.0,,KZT,от 1 года до 3 лет,полная занятость,специалист по подбору персонала
тренер по футболу,астана,280000.0,700000.0,KZT,от 3 до 6 лет,частичная занятость,другое
логист в международную компанию (молодежная практика),астана,100000.0,250000.0,KZT,нет опыта,полная занятость,"менеджер по логистике, менеджер по вэд"
igaming affiliate managaer,астана,2000.0,15000.0,USD,от 3 до 6 лет,полная занятость,"менеджер по маркетингу, интернет-маркетолог"
заведующий производством молочной продукции,астана,500000.0,,KZT,более 6 лет,полная занятость,начальник производства
бренд шеф кондитер,астана,1000000.0,,KZT,от 3 до 6 лет,полная занятость,"повар, пекарь, кондитер"
creative designer,астана,,500000.0,KZT,от 1 года до 3 лет,полная занятость,"дизайнер, художник"
smm-менеджер,астана,400000.0,,KZT,от 3 до 6 лет,полная занятость,"smm-менеджер, контент-менеджер"
шеф-повар,астана,500000.0,650000.0,KZT,от 3 до 6 лет,полная занятость,"повар, пекарь, кондитер"
бухгалтер в сфере строительства,астана,350000.0,,KZT,более 6 лет,полная занятость,бухгалтер
маркетолог,астана,600000.0,1000000.0,KZT,от 1 года до 3 лет,полная занятость,"менеджер по маркетингу, интернет-маркетолог"
специалист организационного отдела,астана,,300000.0,KZT,нет опыта,полная занятость,офис-менеджер
управляющий рестораном сыроварня by arkady novikov,астана,1000000.0,,KZT,более 6 лет,полная занятость,менеджер ресторана
системный аналитик,астана,,540000.0,KZT,от 1 года до 3 лет,полная занятость,системный аналитик
менеджер по продажам,астана,500000.0,3500000.0,KZT,нет опыта,полная занятость,"менеджер по продажам, менеджер по работе с клиентами"
менеджер по работе с клиентами (онлайн) казахстан,астана,400000.0,750000.0,KZT,нет опыта,полная занятость,"менеджер по продажам, менеджер по работе с клиентами"
юрист (универсал),астана,,600000.0,KZT,от 3 до 6 лет,полная занятость,юрист
архитектор в области пожарной безопасности,астана,200000.0,300000.0,KZT,нет опыта,полная занятость,архитектор
архитектор-проектировщик,астана,200000.0,400000.0,KZT,от 1 года до 3 лет,полная занятость,архитектор
маркетолог в образовательный центр,астана,300000.0,700000.0,KZT,от 1 года до 3 лет,полная занятость,"менеджер по маркетингу, интернет-маркетолог"
специалист по информационной безопасности,астана,300000.0,,KZT,от 1 года до 3 лет,полная занятость,специалист по информационной безопасности
геолог,астана,,1300000.0,KZT,более 6 лет,полная занятость,геолог
юрист в edtech,астана,500000.0,,KZT,от 3 до 6 лет,полная занятость,юрист
преподаватель английского языка,астана,200000.0,400000.0,KZT,от 1 года до 3 лет,полная занятость,"учитель, преподаватель, педагог"
инженер по охране труда и технике безопасности,астана,350000.0,400000.0,KZT,от 1 года до 3 лет,полная занятость,"инженер по охране труда и технике безопасности, инженер-эколог"
инженер сметчик,астана,350000.0,700000.0,KZT,от 1 года до 3 лет,полная занятость,"инженер пто, инженер-сметчик"
руководитель отдела продаж и маркетинга,астана,900000.0,,KZT,более 6 лет,полная занятость,руководитель отдела маркетинга и рекламы
управляющий директор в клининговую компанию,астана,350000.0,400000.0,KZT,от 3 до 6 лет,полная занятость,другое
креативный копирайтер,астана,400000.0,,KZT,от 1 года до 3 лет,полная занятость,продюсер
джуниор - менеджер в отдел продаж,астана,150000.0,300000.0,KZT,нет опыта,полная занятость,"менеджер по продажам, менеджер по работе с клиентами"
дизайнер интерьеров,астана,,550000.0,KZT,от 3 до 6 лет,полная занятость,"дизайнер, художник"
гис специалист/геоинформатик,астана,250.0,,KZT,от 1 года до 3 лет,полная занятость,другое
руководитель отдела продаж,астана,1200000.0,2000000.0,KZT,от 3 до 6 лет,полная занятость,руководитель отдела продаж
junior soc engineer,астана,200000.0,500000.0,KZT,нет опыта,полная занятость,специалист службы безопасности
финансовый директор (cfo),астана,450000.0,1000000.0,KZT,от 1 года до 3 лет,полная занятость,финансовый директор (cfo)
ресепшеонист/ администратор,астана,,210000.0,KZT,от 1 года до 3 лет,полная занятость,администратор
руководитель команды маркетинга в dara,астана,770000.0,1600000.0,KZT,от 3 до 6 лет,полная занятость,директор по маркетингу и pr (cmo)
аккаунт-менеджер,астана,150000.0,,KZT,нет опыта,полная занятость,менеджер по работе с партнерами
видеограф,астана,250000.0,300000.0,KZT,от 1 года до 3 лет,полная занятость,другое
менеджер по туризму,астана,600000.0,,KZT,от 1 года до 3 лет,полная занятость,менеджер по туризму
smm-менеджер,астана,350000.0,,KZT,от 1 года до 3 лет,полная занятость,"smm-менеджер, контент-менеджер"
smm специалист / смм менеджер в рекламное агентство gradiiient,астана,300000.0,500000.0,KZT,от 1 года до 3 лет,полная занятость,"smm-менеджер, контент-менеджер"
операционный менеджер,астана,400000.0,450000.0,KZT,от 1 года до 3 лет,полная занятость,"bi-аналитик, аналитик данных"
дизайнер мебели,астана,500000.0,1500000.0,KZT,от 1 года до 3 лет,полная занятость,"дизайнер, художник"
финансовый аналитик (начинающий специалист),астана,200000.0,400000.0,KZT,от 1 года до 3 лет,полная занятость,"финансовый аналитик, инвестиционный аналитик"
помощник/ ассистент руководителя / project /executive assistant,астана,350000.0,500000.0,KZT,от 1 года до 3 лет,полная занятость,другое
координатор по организации зарубежного обучения,астана,400000.0,,KZT,от 3 до 6 лет,полная занятость,другое
бренд-менеджер,астана,,500000.0,KZT,от 1 года до 3 лет,полная занятость,pr-менеджер
начальник планово-экономического отдела,астана,500000.0,700000.0,KZT,от 3 до 6 лет,полная занятость,экономист
middle/senior ux/ui дизайнер (web-дизайнер),астана,,600000.0,KZT,от 3 до 6 лет,полная занятость,"дизайнер, художник"
технолог,астана,500000.0,500000.0,KZT,более 6 лет,полная занятость,технолог
кадровик – помощник бухгалтера,астана,250000.0,,KZT,от 3 до 6 лет,полная занятость,специалист по кадрам
администратор спа,астана,300000.0,,KZT,от 3 до 6 лет,полная занятость,администратор
devops-инженер,астана,989000.0,1977000.0,KZT,от 3 до 6 лет,полная занятость,devops-инженер
системный аналитик / бизнес аналитик / system analyst,астана,400000.0,800000.0,KZT,от 1 года до 3 лет,полная занятость,системный аналитик
дизайнер,астана,60000.0,,RUR,от 1 года до 3 лет,полная занятость,"дизайнер, художник"
разработчик чертежей для макетов,астана,300000.0,500000.0,KZT,от 1 года до 3 лет,полная занятость,другое
менеджер по логистике,астана,297500.0,382500.0,KZT,от 1 года до 3 лет,полная занятость,"менеджер по логистике, менеджер по вэд"
asp.net developer (c#),астана,150000.0,900000.0,KZT,от 1 года до 3 лет,полная занятость,"программист, разработчик"
hr менеджер (рекрутер/менеджер по подбору персонала),астана,300000.0,600000.0,KZT,от 1 года до 3 лет,полная занятость,специалист по подбору персонала
менеджер по продажам,астана,300000.0,1000000.0,KZT,от 1 года до 3 лет,полная занятость,"менеджер по продажам, менеджер по работе с клиентами"
фотограф-видеограф для съемок коммерческих заказов,астана,200000.0,,KZT,от 3 до 6 лет,частичная занятость,"видеооператор, видеомонтажер"
инженер-технолог конструктор,астана,600000.0,700000.0,KZT,от 3 до 6 лет,полная занятость,"инженер-конструктор, инженер-проектировщик"
инженер-проектировщик волс,астана,300000.0,,KZT,нет опыта,полная занятость,"инженер-конструктор, инженер-проектировщик"
бизнес аналитик (астана/алматы),астана,600000.0,800000.0,KZT,от 1 года до 3 лет,полная занятость,бизнес-аналитик
1с разработчик,астана,,1500000.0,KZT,от 3 до 6 лет,полная занятость,"программист, разработчик"
hr менеджер,астана,500000.0,,KZT,более 6 лет,полная занятость,менеджер по персоналу
ит-консультант call-центра,астана,200000.0,,KZT,нет опыта,полная занятость,"оператор call-центра, специалист контактного центра"
инженер по сметной документации,астана,500000.0,500000.0,KZT,от 1 года до 3 лет,полная занятость,"инженер пто, инженер-сметчик"
консультант 1с,астана,550000.0,,KZT,от 1 года до 3 лет,полная занятость,аналитик
аналитик 1 с/консультант,астана,810000.0,1000000.0,KZT,от 1 года до 3 лет,полная занятость,аналитик
архитектор-проектировщик,астана,350000.0,500000.0,KZT,от 1 года до 3 лет,полная занятость,архитектор
менеджер по развитию бизнеса / junior bdm,астана,400.0,800.0,USD,нет опыта,полная занятость,другое
инженер тсб (астана),астана,184000.0,184000.0,RUR,от 3 до 6 лет,полная занятость,другое
ml engineer (nlp / rag),астана,400000.0,800000.0,KZT,от 1 года до 3 лет,полная занятость,дата-сайентист
бизнес-консультант в сфере стоматологии,астана,1000000.0,2500000.0,KZT,от 1 года до 3 лет,полная занятость,бизнес-аналитик
руководитель отдела маркетинга (ресторанная группа),астана,1000000.0,,KZT,от 3 до 6 лет,полная занятость,руководитель отдела маркетинга и рекламы
менеджер по продажам,астана,350000.0,1500000.0,KZT,от 1 года до 3 лет,полная занятость,"менеджер по продажам, менеджер по работе с клиентами"
технолог-конструктор корпусной мебели,астана,400000.0,800000.0,KZT,от 3 до 6 лет,полная занятость,"инженер-конструктор, инженер-проектировщик"
react-разработчик (next.js / typescript / php),астана,85000.0,150000.0,RUR,от 3 до 6 лет,частичная занятость,"программист, разработчик"
"специалист отдела по качеству, специалист по регистрации медицинских изделий",астана,400000.0,600000.0,KZT,от 1 года до 3 лет,полная занятость,специалист по сертификации
3d-artist/modeller (vr/ar компания),астана,250000.0,500000.0,KZT,от 1 года до 3 лет,полная занятость,"дизайнер, художник"
инженер-конструктор,астана,300000.0,600000.0,KZT,от 1 года до 3 лет,полная занятость,"инженер-конструктор, инженер-проектировщик"
руководитель отдела продаж,астана,700000.0,2000000.0,KZT,от 1 года до 3 лет,полная занятость,руководитель отдела продаж
менеджер по продажам,астана,250000.0,2000000.0,KZT,от 1 года до 3 лет,полная занятость,"менеджер по продажам, менеджер по работе с клиентами"
менеджер по продажам iinvictus kids,астана,150000.0,1000000.0,KZT,от 1 года до 3 лет,полная занятость,"менеджер по продажам, менеджер по работе с клиентами"
повар-помощник (cooffe boom),астана,293000.0,320000.0,KZT,от 1 года до 3 лет,полная занятость,"повар, пекарь, кондитер"
архитектор-дизайнер,астана,450000.0,,KZT,от 3 до 6 лет,полная занятость,архитектор
"менеджер стандартизации ""coffee boom""",астана,500000.0,,KZT,от 1 года до 3 лет,полная занятость,другое
middle web/ui designer (figma),астана,150000.0,350000.0,KZT,нет опыта,полная занятость,"дизайнер, художник"
маркетолог,астана,300000.0,700000.0,KZT,от 1 года до 3 лет,полная занятость,"менеджер по маркетингу, интернет-маркетолог"
архитектор в отдел эскизного проектирования,астана,300000.0,,KZT,от 1 года до 3 лет,полная занятость,архитектор
смм-менеджер,астана,250000.0,870000.0,KZT,от 1 года до 3 лет,полная занятость,другое
директор / управляющий (horeca),астана,1000000.0,,KZT,более 6 лет,полная занятость,операционный директор (coo)
архитектор-проектировщик,астана,500000.0,800000.0,KZT,от 3 до 6 лет,полная занятость,архитектор
devops / system administrator,астана,750000.0,950000.0,KZT,от 1 года до 3 лет,полная занятость,devops-инженер
it project менеджер,астана,,500000.0,KZT,от 1 года до 3 лет,полная занятость,менеджер продукта
юрист,астана,500000.0,800000.0,KZT,более 6 лет,полная занятость,юрист
начальник строительного участка,астана,650000.0,750000.0,KZT,более 6 лет,полная занятость,"прораб, мастер смр"
smm-специалист / ai-контент-мейкер,астана,300000.0,550000.0,KZT,от 1 года до 3 лет,полная занятость,"smm-менеджер, контент-менеджер"
middle frontend developer,астана,400000.0,700000.0,KZT,от 1 года до 3 лет,полная занятость,"программист, разработчик"
менеджер it,астана,,500000.0,KZT,от 1 года до 3 лет,полная занятость,менеджер продукта
team lead of recruitment направление латинская америка,астана,700.0,1100.0,USD,от 1 года до 3 лет,полная занятость,руководитель отдела персонала
intern/associate (corporate development/strategy) - стажер/ассоциат,астана,300000.0,,KZT,от 1 года до 3 лет,полная занятость,бизнес-аналитик
академический директор для онлайн курса,астана,300000.0,500000.0,KZT,нет опыта,полная занятость,"учитель, преподаватель, педагог"
инженер по организации и нормированию труда,астана,500000.0,500000.0,KZT,от 3 до 6 лет,полная занятость,экономист
python backend developer (middle / middle+),астана,700000.0,,KZT,от 3 до 6 лет,полная занятость,"программист, разработчик"
hr manager (реорганизация и масштабирование),астана,500000.0,700000.0,KZT,от 3 до 6 лет,полная занятость,директор по персоналу (hrd)
инженер по качеству,астана,400000.0,,KZT,от 1 года до 3 лет,полная занятость,технолог
middle data engineer,астана,400000.0,,KZT,от 1 года до 3 лет,полная занятость,"bi-аналитик, аналитик данных"
мобильный разработчик (android / ios),астана,300000.0,650000.0,KZT,от 3 до 6 лет,полная занятость,"программист, разработчик"
руководитель отдела по эксплуатации и обслуживанию оборудования,астана,200000.0,,KZT,более 6 лет,полная занятость,инженер по эксплуатации
менеджер по продажам,астана,500000.0,,KZT,от 1 года до 3 лет,полная занятость,"менеджер по продажам, менеджер по работе с клиентами"
бренд-менеджер,астана,500000.0,550000.0,KZT,от 3 до 6 лет,полная занятость,pr-менеджер
"менеджер по продажам в ""акбулак ривьера""",астана,150000.0,,KZT,от 3 до 6 лет,полная занятость,"менеджер по продажам, менеджер по работе с клиентами"
internal control manager,астана,900000.0,1100000.0,KZT,от 3 до 6 лет,полная занятость,другое
технолог на производство,астана,300000.0,350000.0,KZT,от 1 года до 3 лет,полная занятость,технолог
дизайнер,астана,400000.0,,KZT,от 1 года до 3 лет,полная занятость,"дизайнер, художник"
hr-специалист,астана,350000.0,400000.0,KZT,от 3 до 6 лет,полная занятость,специалист по подбору персонала
архитектор,астана,700000.0,,KZT,от 1 года до 3 лет,полная занятость,архитектор
бизнес-аналитик,астана,250000.0,,KZT,от 1 года до 3 лет,полная занятость,бизнес-аналитик
hr менеджер,астана,500000.0,600000.0,KZT,от 1 года до 3 лет,полная занятость,менеджер по персоналу
english teacher,астана,500.0,800.0,USD,от 1 года до 3 лет,частичная занятость,"учитель, преподаватель, педагог"
начальник отдела,астана,600000.0,600000.0,KZT,от 3 до 6 лет,полная занятость,руководитель отдела персонала
шеф-повар,астана,,700000.0,KZT,более 6 лет,полная занятость,"повар, пекарь, кондитер"
дизайнер-проектировщик,астана,400000.0,,KZT,от 3 до 6 лет,полная занятость,"дизайнер, художник"
ai developer,астана,2000.0,6000.0,KGS,от 3 до 6 лет,полная занятость,"программист, разработчик"
менеджер по продажам / менеджер по работе с клиентами,астана,350000.0,1000000.0,KZT,от 1 года до 3 лет,полная занятость,"менеджер по продажам, менеджер по работе с клиентами"
frontend-разработчик,астана,,1200000.0,KZT,от 3 до 6 лет,полная занятость,"программист, разработчик"
инженер-конструктор нвф,астана,300000.0,400000.0,KZT,нет опыта,полная занятость,"инженер-конструктор, инженер-проектировщик"
юрист,астана,385000.0,385000.0,KZT,от 1 года до 3 лет,полная занятость,юрист
главный специалист отдела международного сотрудничества и связей с общественностью,астана,320000.0,320000.0,KZT,от 3 до 6 лет,полная занятость,другое
менеджер по подбору персонала,астана,250000.0,400000.0,KZT,нет опыта,полная занятость,специалист по подбору персонала
инженер-конструктор,астана,400000.0,,KZT,от 1 года до 3 лет,полная занятость,"инженер-конструктор, инженер-проектировщик"
администратор детского парка,астана,250000.0,350000.0,KZT,от 1 года до 3 лет,полная занятость,администратор
педагог дошкольного и начального образования,астана,120000.0,,KZT,от 1 года до 3 лет,частичная занятость,"учитель, преподаватель, педагог"
teamlead,астана,1150000.0,1150000.0,KZT,от 3 до 6 лет,полная занятость,руководитель группы разработки
повар-универсал в дигермен,астана,250000.0,,KZT,от 1 года до 3 лет,полная занятость,"повар, пекарь, кондитер"
специалист технической поддержки,астана,200000.0,250000.0,KZT,от 1 года до 3 лет,полная занятость,специалист технической поддержки
devops senior/lead инженер,астана,1200000.0,1500000.0,KZT,от 3 до 6 лет,полная занятость,devops-инженер
проектировщик телекоммуникационных систем связи,астана,700000.0,,KZT,от 3 до 6 лет,полная занятость,"инженер-энергетик, инженер-электрик"
менеджер по продажам строительных материалов,астана,500000.0,,KZT,от 1 года до 3 лет,полная занятость,"менеджер по продажам, менеджер по работе с клиентами"
бухгалтер,астана,500000.0,600000.0,KZT,более 6 лет,полная занятость,бухгалтер
шеф-повар,астана,600000.0,,KZT,от 1 года до 3 лет,полная занятость,"повар, пекарь, кондитер"
менеджер по продажам в школу it,астана,400000.0,1300000.0,KZT,нет опыта,полная занятость,"менеджер по продажам, менеджер по работе с клиентами"
senior next.js & typescript developer — fourmeta,астана,2500.0,3500.0,USD,от 3 до 6 лет,полная занятость,"программист, разработчик"
маркетолог,астана,300000.0,400000.0,KZT,от 1 года до 3 лет,полная занятость,"менеджер по маркетингу, интернет-маркетолог"
шеф-повар,астана,25000.0,,KZT,более 6 лет,полная занятость,"повар, пекарь, кондитер"
инженер-технолог бсу,астана,1000000.0,,KZT,от 3 до 6 лет,полная занятость,технолог
проектный шеф-повар фастфуд / донерное направление (павлодар),астана,2500000.0,3500000.0,KZT,от 3 до 6 лет,полная занятость,"повар, пекарь, кондитер"
финансист,астана,,1000000.0,KZT,от 3 до 6 лет,полная занятость,финансовый менеджер
директор эко магазина,астана,500000.0,500000.0,KZT,от 3 до 6 лет,полная занятость,"директор магазина, директор сети магазинов"
fullstack-инженер,астана,1000000.0,1500000.0,KZT,от 3 до 6 лет,полная занятость,"программист, разработчик"
специалист технической поддержки,астана,200000.0,,KZT,от 1 года до 3 лет,полная занятость,специалист технической поддержки
менеджер отдела ( сценарист / копирайтер для digital-контента),астана,400000.0,550000.0,KZT,от 1 года до 3 лет,полная занятость,"smm-менеджер, контент-менеджер"
специалист по кадрам,астана,400000.0,500000.0,KZT,от 3 до 6 лет,полная занятость,менеджер по персоналу
инженер - технолог,астана,400000.0,,KZT,от 3 до 6 лет,полная занятость,технолог
управляющая/управляющий магазином (роп),астана,500000.0,1200000.0,KZT,от 1 года до 3 лет,полная занятость,руководитель отдела продаж
учитель английского языка,астана,100000.0,150000.0,KZT,от 1 года до 3 лет,частичная занятость,"учитель, преподаватель, педагог"
тестировщик/qa-инженер,астана,150000.0,,KZT,от 1 года до 3 лет,полная занятость,тестировщик
проектировщик,астана,200000.0,600000.0,KZT,от 1 года до 3 лет,полная занятость,другое
диспетчер на линию самосвалов,астана,350000.0,,KZT,нет опыта,полная занятость,диспетчер
юрист,астана,500000.0,,KZT,от 3 до 6 лет,полная занятость,юрист
главный юрист,астана,400000.0,600000.0,KZT,более 6 лет,полная занятость,юрист
инженер-конструктор вентилируемых фасадов (чертежник),астана,300000.0,,KZT,от 1 года до 3 лет,полная занятость,"инженер-конструктор, инженер-проектировщик"
инженер пто,астана,600000.0,,KZT,от 3 до 6 лет,полная занятость,"инженер пто, инженер-сметчик"
junior +/middle .net developer,астана,500000.0,,KZT,от 3 до 6 лет,полная занятость,"программист, разработчик"
разработчик 1с,астана,250000.0,,KZT,от 1 года до 3 лет,полная занятость,"программист, разработчик"
закройщик,астана,200000.0,300000.0,KZT,от 1 года до 3 лет,полная занятость,"швея, портной, закройщик"
дизайнер корпусной мебели,астана,500000.0,2000000.0,KZT,от 1 года до 3 лет,полная занятость,"дизайнер, художник"
пищевой технолог,астана,500000.0,,KZT,от 1 года до 3 лет,полная занятость,технолог
frontend-разработчик,астана,200000.0,500000.0,KZT,от 1 года до 3 лет,полная занятость,"программист, разработчик"
инженер пто в энергетике,астана,300000.0,,KZT,от 1 года до 3 лет,полная занятость,"инженер пто, инженер-сметчик"
учитель английского языка,астана,210000.0,300000.0,KZT,от 1 года до 3 лет,полная занятость,"учитель, преподаватель, педагог"
региональный менеджер по продажам,астана,300000.0,1500000.0,KZT,от 1 года до 3 лет,полная занятость,"менеджер по продажам, менеджер по работе с клиентами"
руководитель отдела продаж (роп) в it-школу,астана,1000000.0,,KZT,от 1 года до 3 лет,полная занятость,руководитель отдела продаж
администратор магазина,астана,200000.0,800000.0,KZT,от 1 года до 3 лет,полная занятость,"директор магазина, директор сети магазинов"
администратор-управляющий в антикафе loft park (г. астана),астана,500000.0,800000.0,KZT,от 1 года до 3 лет,полная занятость,менеджер ресторана
финансовый менеджер/экономист,астана,600000.0,,KZT,от 1 года до 3 лет,полная занятость,экономист
менеджер по продажам (мебельная фурнитура),астана,300000.0,,KZT,от 3 до 6 лет,полная занятость,"менеджер по продажам, менеджер по работе с клиентами"
специалист по кадровому делопроизводству,астана,,400000.0,KZT,от 3 до 6 лет,полная занятость,специалист по кадрам
главный юрист (юридический отдел),астана,450000.0,550000.0,KZT,от 3 до 6 лет,полная занятость,юрист
qa-инженер,астана,,2000.0,USD,от 1 года до 3 лет,полная занятость,тестировщик
hardware engineer (junior/middle),астана,400000.0,500000.0,KZT,от 1 года до 3 лет,полная занятость,"программист, разработчик"
главный менеджер отдела стратегии и развития,астана,,532000.0,KZT,от 3 до 6 лет,полная занятость,менеджер/консультант по стратегии
специалист по связям с общественностью pr,астана,800000.0,1000000.0,KZT,от 3 до 6 лет,полная занятость,pr-менеджер
менеджер по работе с учителями / educational coordinator,астана,900.0,,USD,от 3 до 6 лет,полная занятость,"учитель, преподаватель, педагог"
таргетолог,астана,2000000.0,,KZT,от 3 до 6 лет,полная занятость,"менеджер по маркетингу, интернет-маркетолог"
менеджер по продажам корпусной мебели. офис,астана,500000.0,,KZT,от 1 года до 3 лет,полная занятость,"менеджер по продажам, менеджер по работе с клиентами"
fullstack-разработчик (java),астана,1500000.0,2500000.0,KZT,нет опыта,частичная занятость,"программист, разработчик"
главный эксперт отдела метрологии,астана,376870.0,376870.0,KZT,от 1 года до 3 лет,полная занятость,метролог
арт-терапевт/психолог/специалист по арт-терапии,астана,150000.0,500000.0,KZT,от 1 года до 3 лет,проектная работа,другое
smm-менеджер,астана,200000.0,250000.0,KZT,от 1 года до 3 лет,полная занятость,"smm-менеджер, контент-менеджер"
hr-менеджер,астана,350000.0,400000.0,KZT,от 1 года до 3 лет,полная занятость,менеджер по персоналу
директор по маркетингу,астана,400000.0,400000.0,KZT,от 3 до 6 лет,полная занятость,директор по маркетингу и pr (cmo)
повар на завтраки,астана,,250000.0,KZT,от 3 до 6 лет,полная занятость,"повар, пекарь, кондитер"
frontend-разработчик (middle),астана,400000.0,600000.0,KZT,от 1 года до 3 лет,полная занятость,"программист, разработчик"
менеджер по работе с клиентами,астана,,400000.0,KZT,нет опыта,полная занятость,"менеджер по продажам, менеджер по работе с клиентами"
графический дизайнер (наружная реклама),астана,320000.0,400000.0,KZT,от 3 до 6 лет,полная занятость,"дизайнер, художник"
ведущий специалист по закупкам и снабжению,астана,400000.0,500000.0,KZT,более 6 лет,полная занятость,менеджер по закупкам
"менеджер по работе с ключевыми клиентами (key account manager, fmcg)",астана,400000.0,,KZT,от 1 года до 3 лет,полная занятость,товаровед
менеджер по продажам лабораторного оборудования,астана,500000.0,,KZT,от 1 года до 3 лет,полная занятость,"менеджер по продажам, менеджер по работе с клиентами"
director of teachers / head teacher,астана,400000.0,600000.0,KZT,от 1 года до 3 лет,полная занятость,"учитель, преподаватель, педагог"
flutter / flutterflow developer,астана,1000000.0,,KZT,от 3 до 6 лет,полная занятость,"программист, разработчик"
инженер-проектировщик апс,астана,500000.0,500000.0,KZT,от 1 года до 3 лет,полная занятость,"инженер-конструктор, инженер-проектировщик"
главный специалист департамента по управлению человеческими ресурсами,астана,250000.0,500000.0,KZT,от 1 года до 3 лет,проектная работа,менеджер по персоналу
специалист по государственным закупкам,астана,460000.0,510000.0,KZT,от 1 года до 3 лет,полная занятость,специалист по тендерам
smm-менеджер в розничную сеть,астана,250000.0,,KZT,от 1 года до 3 лет,полная занятость,"smm-менеджер, контент-менеджер"
юрист,астана,500000.0,600000.0,KZT,от 3 до 6 лет,полная занятость,юрист
frontend-разработчик,астана,600000.0,950000.0,KZT,от 3 до 6 лет,полная занятость,"программист, разработчик"
корпоративный юрист,астана,350000.0,500000.0,KZT,от 3 до 6 лет,полная занятость,юрист
react native,астана,3000.0,5000.0,USD,от 3 до 6 лет,полная занятость,"программист, разработчик"
"smm-менеджер / smm-стратег (in-house, international)",астана,500.0,800.0,USD,от 1 года до 3 лет,полная занятость,"smm-менеджер, контент-менеджер"
aba-терапист/детский психолог,астана,250000.0,500000.0,KZT,от 1 года до 3 лет,полная занятость,психолог
методист начальной школы (интегрированные и международные программы),астана,438000.0,,KZT,от 3 до 6 лет,полная занятость,методист
экономист/специалист по гос. закупке,астана,200000.0,250000.0,KZT,от 1 года до 3 лет,полная занятость,менеджер по закупкам
дизайнер-интерьера,астана,350000.0,850000.0,KZT,от 1 года до 3 лет,полная занятость,"дизайнер, художник"
"руководитель проекта, г. астана",астана,,800000.0,KZT,от 3 до 6 лет,полная занятость,руководитель проектов
разработчик дашбордов looker studio / power bi,астана,,84000.0,RUR,от 1 года до 3 лет,проектная работа,"bi-аналитик, аналитик данных"
менеджер по пищевой безопасности,астана,,400000.0,KZT,от 1 года до 3 лет,полная занятость,специалист по информационной безопасности
юрист,астана,600000.0,,KZT,более 6 лет,полная занятость,юрист
technical project manager (ar/vr) (проектный менеджер технических проектов),астана,350000.0,500000.0,KZT,от 1 года до 3 лет,полная занятость,руководитель проектов
инженер пто,астана,600000.0,,KZT,более 6 лет,полная занятость,"инженер пто, инженер-сметчик"
менеджер в отдел продаж,астана,200000.0,2000000.0,KZT,от 1 года до 3 лет,полная занятость,"менеджер по продажам, менеджер по работе с клиентами"
су-шеф,астана,400000.0,600000.0,KZT,от 1 года до 3 лет,полная занятость,"повар, пекарь, кондитер"
react native developer,астана,,1000000.0,KZT,от 1 года до 3 лет,полная занятость,"программист, разработчик"
шеф-повар донерного направления (павлодар),астана,1200000.0,1500000.0,KZT,от 3 до 6 лет,полная занятость,"повар, пекарь, кондитер"
менеджер по презентации продуктов (it / product demo manager) в продуктовую it-компанию,астана,500000.0,1200000.0,KZT,от 1 года до 3 лет,полная занятость,менеджер продукта
smm-менеджер,астана,100000.0,200000.0,KZT,нет опыта,полная занятость,"smm-менеджер, контент-менеджер"
дизайнер корпусной мебели,астана,700000.0,1500000.0,KZT,от 1 года до 3 лет,полная занятость,"дизайнер, художник"
sales manager (видеореклама на led экранах),астана,400000.0,,KZT,от 1 года до 3 лет,полная занятость,"менеджер по продажам, менеджер по работе с клиентами"
hr менеджер,астана,450000.0,500000.0,KZT,более 6 лет,полная занятость,менеджер по персоналу
бухгалтер,астана,399168.0,399168.0,KZT,от 3 до 6 лет,полная занятость,бухгалтер
финансовый аналитик / экономист,астана,600000.0,,KZT,от 3 до 6 лет,полная занятость,экономист
специалист по системе менеджмента качества,астана,500000.0,500000.0,KZT,от 3 до 6 лет,полная занятость,инженер по качеству
it product manager,астана,400000.0,700000.0,KZT,от 1 года до 3 лет,полная занятость,менеджер продукта
junior php (laravel) developer,астана,250000.0,400000.0,KZT,от 1 года до 3 лет,полная занятость,"программист, разработчик"
главный бухгалтер,астана,750000.0,750000.0,KZT,более 6 лет,полная занятость,бухгалтер
маркетолог,астана,400000.0,1000000.0,KZT,от 1 года до 3 лет,полная занятость,"менеджер по маркетингу, интернет-маркетолог"
главный инженер,астана,600000.0,1000000.0,KZT,от 3 до 6 лет,полная занятость,инженер по качеству
аналитик 1с,астана,,1300000.0,KZT,от 3 до 6 лет,полная занятость,аналитик
менеджер по продажам,астана,150000.0,1000000.0,KZT,нет опыта,полная занятость,"менеджер по продажам, менеджер по работе с клиентами"
архитектор (revit),астана,300000.0,,KZT,от 1 года до 3 лет,полная занятость,архитектор
финансовый директор (производственная компания в оаэ),астана,2001000.0,2700000.0,KZT,от 3 до 6 лет,полная занятость,финансовый директор (cfo)
архитектор,астана,350000.0,800000.0,KZT,от 3 до 6 лет,полная занятость,архитектор
менеджер по продажам,астана,350000.0,400000.0,KZT,от 1 года до 3 лет,полная занятость,"менеджер по продажам, менеджер по работе с клиентами"
главный менеджер по от и тб,астана,400000.0,500000.0,KZT,от 3 до 6 лет,полная занятость,"инженер по охране труда и технике безопасности, инженер-эколог"
дизайнер корпусной мебели,астана,400000.0,,KZT,от 1 года до 3 лет,полная занятость,"дизайнер, художник"
проектный менеджер в области информационных технологий,астана,400000.0,700000.0,KZT,от 3 до 6 лет,полная занятость,руководитель проектов
эксперт,астана,,600000.0,KZT,от 3 до 6 лет,полная занятость,специалист по информационной безопасности
дизайнер мебели,астана,500000.0,1200000.0,KZT,от 1 года до 3 лет,полная занятость,"дизайнер, художник"
менеджер по кадрам,астана,350000.0,400000.0,KZT,от 3 до 6 лет,полная занятость,специалист по кадрам
менеджер по продажам и работе с клиентами (логистика),астана,1500.0,2000.0,USD,от 1 года до 3 лет,полная занятость,"менеджер по продажам, менеджер по работе с клиентами"
руководитель дилерской сети/агродроны,астана,600000.0,,KZT,от 1 года до 3 лет,полная занятость,другое
веб-дизайнер,астана,,350000.0,KZT,от 1 года до 3 лет,полная занятость,"дизайнер, художник"
преподаватель математики,астана,90000.0,300000.0,KZT,от 1 года до 3 лет,полная занятость,"учитель, преподаватель, педагог"
учитель начальных классов (с русским языком обучения),астана,400000.0,,KZT,более 6 лет,полная занятость,"учитель, преподаватель, педагог"
финансовый менеджер,астана,250000.0,400000.0,KZT,от 3 до 6 лет,частичная занятость,финансовый менеджер
менеджер по продажам b2b услуг,астана,300000.0,1000000.0,KZT,от 1 года до 3 лет,полная занятость,"менеджер по продажам, менеджер по работе с клиентами"
оператор-монтажер,астана,350000.0,350000.0,KZT,от 1 года до 3 лет,полная занятость,"видеооператор, видеомонтажер"
инженер-конструктор,астана,350000.0,500000.0,KZT,от 1 года до 3 лет,полная занятость,"инженер-конструктор, инженер-проектировщик"
главный инженер (тепловые сети),астана,700000.0,1000000.0,KZT,более 6 лет,полная занятость,начальник производства
руководитель отдела продаж,астана,300000.0,1500000.0,KZT,от 1 года до 3 лет,полная занятость,руководитель отдела продаж
су-шеф,астана,400000.0,,KZT,от 3 до 6 лет,полная занятость,"повар, пекарь, кондитер"
преподаватель английского языка,астана,250000.0,,KZT,от 1 года до 3 лет,полная занятость,"учитель, преподаватель, педагог"
smm-специалист,астана,250000.0,350000.0,KZT,от 1 года до 3 лет,частичная занятость,"smm-менеджер, контент-менеджер"
стажер-программист 1 с,астана,100000.0,,KZT,нет опыта,полная занятость,"программист, разработчик"
руководитель отдела продаж,астана,300000.0,,KZT,от 1 года до 3 лет,полная занятость,руководитель отдела продаж
экономист-нормировщик,астана,500000.0,,KZT,от 1 года до 3 лет,полная занятость,экономист
системный аналитик,астана,700000.0,,KZT,более 6 лет,полная занятость,системный аналитик
инженер по планированию горных работ,астана,680000.0,,KZT,от 3 до 6 лет,полная занятость,инженер по эксплуатации
хаусмен в международный отель,астана,,300000.0,KZT,от 1 года до 3 лет,полная занятость,"уборщица, уборщик"
операционный директор (coo/chief operating officer) в it-компании,астана,900000.0,1200000.0,KZT,более 6 лет,полная занятость,операционный директор (coo)
инженер-технолог: легкая промышленность / обувное производство,астана,400000.0,700000.0,KZT,более 6 лет,полная занятость,технолог
заведующий складом (складская логистика),астана,450000.0,650000.0,KZT,от 3 до 6 лет,полная занятость,начальник склада
senior backend go/python,астана,1500000.0,3000000.0,KZT,от 3 до 6 лет,полная занятость,"программист, разработчик"
инженер-строитель,астана,800000.0,,KZT,от 3 до 6 лет,полная занятость,"инженер пто, инженер-сметчик"
официант,астана,300000.0,300000.0,KZT,от 1 года до 3 лет,полная занятость,"официант, бармен, бариста"
smm-менеджер в стоматологию,астана,200000.0,300000.0,KZT,от 1 года до 3 лет,полная занятость,"smm-менеджер, контент-менеджер"
риск-менеджер,астана,800000.0,800000.0,KZT,более 6 лет,полная занятость,комплаенс-менеджер
руководитель отдела продаж,астана,600000.0,2000000.0,KZT,более 6 лет,полная занятость,руководитель отдела продаж
директор по маркетингу,астана,1000000.0,,KZT,от 3 до 6 лет,полная занятость,директор по маркетингу и pr (cmo)
повар на завтраки,астана,280000.0,330000.0,KZT,от 1 года до 3 лет,полная занятость,"повар, пекарь, кондитер"
инженер слаботочных систем/инженер связи,астана,600000.0,800000.0,KZT,от 3 до 6 лет,полная занятость,"инженер-конструктор, инженер-проектировщик"
экономист,астана,485000.0,485000.0,KZT,от 1 года до 3 лет,полная занятость,экономист
юрист-корпоративный секретарь,астана,400000.0,700000.0,KZT,от 3 до 6 лет,полная занятость,юрист
юрист-консультант,астана,485000.0,485000.0,KZT,от 3 до 6 лет,полная занятость,юрист
руководитель отдела продаж,астана,1.0,1000.0,KZT,от 3 до 6 лет,полная занятость,руководитель отдела продаж
дизайнер мебели/менеджер по продажам,астана,500000.0,,KZT,от 1 года до 3 лет,полная занятость,"дизайнер, художник"
графический дизайнер,астана,250000.0,,KZT,от 1 года до 3 лет,полная занятость,"дизайнер, художник"
инженер пто,астана,600000.0,700000.0,KZT,от 3 до 6 лет,полная занятость,"инженер пто, инженер-сметчик"
financе officer/chief accountant,астана,700000.0,,KZT,от 3 до 6 лет,полная занятость,финансовый директор (cfo)
инженер пто,астана,500000.0,,KZT,от 3 до 6 лет,полная занятость,"инженер пто, инженер-сметчик"
начальник участка/главный инженер,астана,600000.0,,KZT,более 6 лет,частичная занятость,начальник производства
маркетолог,астана,250000.0,300000.0,KZT,от 1 года до 3 лет,полная занятость,"smm-менеджер, контент-менеджер"
химик-технолог,астана,800000.0,800000.0,KZT,от 1 года до 3 лет,полная занятость,другое
smm-менеджер,астана,180000.0,250000.0,KZT,от 1 года до 3 лет,полная занятость,"smm-менеджер, контент-менеджер"
технолог швейного производства,астана,700000.0,1000000.0,KZT,от 3 до 6 лет,полная занятость,технолог
english content creator for primary school curriculum,астана,300000.0,400000.0,KZT,от 3 до 6 лет,полная занятость,"учитель, преподаватель, педагог"
менеджер по продажам,астана,300000.0,600000.0,KZT,от 1 года до 3 лет,полная занятость,"менеджер по продажам, менеджер по работе с клиентами"
технолог молочной продукции,астана,500000.0,,KZT,более 6 лет,полная занятость,технолог
инженер технического надзора,астана,550000.0,,KZT,от 3 до 6 лет,полная занятость,"инженер пто, инженер-сметчик"
архитектор-проектировщик,астана,,300000.0,KZT,от 3 до 6 лет,полная занятость,архитектор
"начальник участка на строительство автодорог, тоннелей",астана,500000.0,800000.0,KZT,от 3 до 6 лет,полная занятость,"прораб, мастер смр"
руководитель отдела продаж,астана,400000.0,800000.0,KZT,от 1 года до 3 лет,полная занятость,руководитель отдела продаж
менеджер по проектам (архитектура и проектирование),астана,300000.0,600000.0,KZT,от 1 года до 3 лет,полная занятость,руководитель проектов
менеджер по продажам,астана,600000.0,1000000.0,KZT,от 1 года до 3 лет,полная занятость,"менеджер по продажам, менеджер по работе с клиентами"
разметчик данных / data annotator,астана,150000.0,,KZT,от 1 года до 3 лет,проектная работа,"bi-аналитик, аналитик данных"
инженер-проектировщик,астана,500000.0,800000.0,KZT,от 3 до 6 лет,полная занятость,"инженер-конструктор, инженер-проектировщик"
smm специалист,астана,300000.0,350000.0,KZT,от 1 года до 3 лет,полная занятость,"smm-менеджер, контент-менеджер"
unity-разработчик,астана,500000.0,750000.0,KZT,от 3 до 6 лет,полная занятость,гейм-дизайнер
заведующий складом грузовых запасных частей,астана,500000.0,,KZT,от 1 года до 3 лет,полная занятость,начальник склада
инспектор отдела кадров,астана,308000.0,350000.0,KZT,от 1 года до 3 лет,полная занятость,специалист по кадрам
маркетолог,астана,800000.0,1000000.0,KZT,от 3 до 6 лет,полная занятость,"менеджер по маркетингу, интернет-маркетолог"
инженер по ремонту электроники,астана,445640.0,,KZT,от 3 до 6 лет,полная занятость,"инженер-электроник, инженер-электронщик"
бизнес-тренер,астана,300000.0,450000.0,KZT,от 3 до 6 лет,полная занятость,бизнес-тренер
c#/.net-разработчик,астана,500000.0,1000000.0,KZT,от 1 года до 3 лет,полная занятость,"программист, разработчик"
маркетолог,астана,150000.0,500000.0,KZT,от 1 года до 3 лет,полная занятость,руководитель отдела маркетинга и рекламы
smm-менеджер,астана,300000.0,,KZT,от 1 года до 3 лет,частичная занятость,"smm-менеджер, контент-менеджер"
начальник по охране труда и технике безопасности,астана,400000.0,500000.0,KZT,от 3 до 6 лет,полная занятость,"инженер по охране труда и технике безопасности, инженер-эколог"
руководитель отдела продаж (it сфера),астана,500000.0,1500000.0,KZT,от 1 года до 3 лет,полная занятость,руководитель отдела продаж
графический дизайнер,астана,200000.0,400000.0,KZT,от 3 до 6 лет,полная занятость,"дизайнер, художник"
технолог мясного производства,астана,800000.0,1100000.0,KZT,от 1 года до 3 лет,полная занятость,технолог
контент-маркетолог,астана,400000.0,,KZT,от 1 года до 3 лет,полная занятость,"менеджер по маркетингу, интернет-маркетолог"
главный архитектор проекта,астана,600000.0,1000000.0,KZT,более 6 лет,полная занятость,архитектор
ведущий архитектор,астана,700000.0,,KZT,от 3 до 6 лет,полная занятость,архитектор
инженер пто,астана,300000.0,700000.0,KZT,от 1 года до 3 лет,полная занятость,руководитель проектов
менеджер по контролю качества gps,астана,300000.0,,KZT,от 1 года до 3 лет,полная занятость,инженер по качеству
hr-директор (senior),астана,,1700.0,USD,от 1 года до 3 лет,полная занятость,директор по персоналу (hrd)
главный энергетик,астана,,601000.0,KZT,от 3 до 6 лет,полная занятость,"инженер-энергетик, инженер-электрик"
node.js разработчик,астана,500000.0,850000.0,KZT,от 1 года до 3 лет,полная занятость,"программист, разработчик"
php-разработчик (laravel),астана,400000.0,900000.0,KZT,от 3 до 6 лет,полная занятость,"программист, разработчик"
backend developer (middle / middle+) — django,астана,600000.0,600000.0,KZT,от 3 до 6 лет,полная занятость,"программист, разработчик"
инженер слаботочных систем/инженер связи,астана,300000.0,500000.0,KZT,от 1 года до 3 лет,полная занятость,"инженер-энергетик, инженер-электрик"
веб-разработчик,астана,500000.0,500000.0,KZT,от 3 до 6 лет,полная занятость,"программист, разработчик"
smm-специалист,астана,,400000.0,KZT,от 1 года до 3 лет,полная занятость,"smm-менеджер, контент-менеджер"
бизнес-аналитик/системный аналитик,астана,500000.0,700000.0,KZT,от 1 года до 3 лет,полная занятость,аналитик
специалист по кадрам,астана,,340000.0,KZT,от 3 до 6 лет,полная занятость,специалист по подбору персонала
дендролог,астана,250000.0,,KZT,от 3 до 6 лет,полная занятость,"учитель, преподаватель, педагог"
laravel junior/junior+ разработчик,астана,250000.0,300000.0,KZT,от 1 года до 3 лет,полная занятость,"программист, разработчик"
менеджер по продажам,астана,250000.0,600000.0,KZT,от 1 года до 3 лет,полная занятость,"менеджер по продажам, менеджер по работе с клиентами"
it-рекрутер в компанию,астана,250000.0,350000.0,KZT,от 1 года до 3 лет,частичная занятость,специалист по подбору персонала
учитель физики трехъязычный,астана,350000.0,,KZT,от 3 до 6 лет,полная занятость,"учитель, преподаватель, педагог"
юрист по корпоративному праву / corporate lawyer (middle),астана,,600000.0,KZT,от 3 до 6 лет,полная занятость,юрист
региональный представитель,астана,400000.0,,KZT,от 1 года до 3 лет,частичная занятость,"менеджер по продажам, менеджер по работе с клиентами"
электромонтер,астана,216000.0,216000.0,KZT,от 1 года до 3 лет,полная занятость,электромонтажник
ui дизайнер,астана,40000.0,,KZT,от 1 года до 3 лет,проектная работа,"дизайнер, художник"
оператор 1с,астана,220000.0,264000.0,KZT,от 1 года до 3 лет,полная занятость,бухгалтер
стоматолог,астана,500000.0,1500000.0,KZT,от 3 до 6 лет,полная занятость,врач
руководитель отдела продаж (b2b‑промышленность),астана,300000.0,2000000.0,KZT,от 3 до 6 лет,полная занятость,руководитель отдела продаж
менеджер по работе с ключевыми клиентами,астана,520000.0,,KZT,от 1 года до 3 лет,полная занятость,"менеджер по продажам, менеджер по работе с клиентами"
директор по персоналу (hrd),астана,250000.0,600000.0,KZT,от 1 года до 3 лет,полная занятость,директор по персоналу (hrd)
дизайнер инфографики маркетплейса,астана,250000.0,350000.0,KZT,от 1 года до 3 лет,проектная работа,"менеджер по маркетингу, интернет-маркетолог"
менеджер по продажам,астана,400000.0,,KZT,от 1 года до 3 лет,частичная занятость,"менеджер по продажам, менеджер по работе с клиентами"
педагог дошкольник,астана,300000.0,,KZT,более 6 лет,полная занятость,"учитель, преподаватель, педагог"
начальник отдела правового обеспечения,астана,700000.0,900000.0,KZT,более 6 лет,полная занятость,директор юридического департамента (clo)
smm-маркетолог,астана,400000.0,,KZT,от 1 года до 3 лет,полная занятость,"smm-менеджер, контент-менеджер"
преподаватель корейского языка,астана,100000.0,150000.0,KZT,от 1 года до 3 лет,частичная занятость,"учитель, преподаватель, педагог"
экономист,астана,500000.0,,KZT,от 1 года до 3 лет,полная занятость,экономист
экономист,астана,490000.0,500000.0,KZT,от 3 до 6 лет,полная занятость,экономист
ментор в школу программирования cap education,астана,160000.0,400000.0,KZT,нет опыта,частичная занятость,"учитель, преподаватель, педагог"
инструктор афк,астана,300000.0,400000.0,KZT,от 1 года до 3 лет,полная занятость,"учитель, преподаватель, педагог"
кадровый специалист / делопроизводитель,астана,,300000.0,KZT,от 1 года до 3 лет,полная занятость,специалист по кадрам
коммерческий директор в производственную компанию,астана,1000000.0,,KZT,более 6 лет,полная занятость,коммерческий директор (cco)
сервисный инженер электронщик (мастер по ремонту),астана,,500000.0,KZT,от 1 года до 3 лет,полная занятость,"сервисный инженер, инженер-механик"
супервайзер на вс канал,астана,500000.0,850000.0,KZT,от 1 года до 3 лет,полная занятость,супервайзер
коммерческий директор (cco),астана,200000.0,,KZT,от 3 до 6 лет,полная занятость,коммерческий директор (cco)
менеджер по продажам в сегменте horeca,астана,500000.0,,KZT,от 1 года до 3 лет,полная занятость,"менеджер по продажам, менеджер по работе с клиентами"
инженер по микроэлектронике,астана,500000.0,500000.0,KZT,от 1 года до 3 лет,полная занятость,другое
интегратор bitrix 24,астана,500000.0,1000000.0,KZT,от 3 до 6 лет,полная занятость,методолог
business development specialist,астана,250000.0,,KZT,нет опыта,полная занятость,другое
инженер-геолог / технический директор,астана,800000.0,1000000.0,RUR,более 6 лет,полная занятость,геолог
"маркетолог/smm-менеджер/контент-менеджер компания ""izitel""",астана,100000.0,150000.0,KZT,от 3 до 6 лет,частичная занятость,"smm-менеджер, контент-менеджер"
fullstack/back-end разработчик (middle) для e-commerce и saas проектов,астана,500000.0,700000.0,KZT,от 1 года до 3 лет,полная занятость,"программист, разработчик"
native english teacher,астана,80000.0,100000.0,KZT,от 3 до 6 лет,частичная занятость,"учитель, преподаватель, педагог"
финансовый менеджер,астана,300000.0,350000.0,KZT,от 1 года до 3 лет,полная занятость,финансовый менеджер
тренер по большому теннису,астана,500000.0,800000.0,KZT,от 1 года до 3 лет,полная занятость,"фитнес-тренер, инструктор тренажерного зала"
менеджер по развитию бизнеса,астана,,500000.0,KZT,от 1 года до 3 лет,полная занятость,бизнес-аналитик
экономист-сметчик,астана,,600000.0,KZT,от 3 до 6 лет,полная занятость,экономист
"инженер по сетям ов, вк и электрика",астана,200000.0,500000.0,KZT,от 3 до 6 лет,полная занятость,"инженер-конструктор, инженер-проектировщик"
инженер-конструктор/расчетчик,астана,700000.0,1100000.0,KZT,более 6 лет,полная занятость,"инженер-конструктор, инженер-проектировщик"
главный / ведущий инженер-конструктор,астана,,1000000.0,KZT,от 1 года до 3 лет,полная занятость,"инженер-конструктор, инженер-проектировщик"
структурный дизайнер-конструктор,астана,700000.0,800000.0,KZT,от 3 до 6 лет,полная занятость,"инженер-конструктор, инженер-проектировщик"
ведущий архитектор,астана,400000.0,,KZT,от 1 года до 3 лет,полная занятость,архитектор
шеф-повар в национальный музей-ресторан,астана,800000.0,1000000.0,KZT,от 3 до 6 лет,полная занятость,"повар, пекарь, кондитер"
"консультант 1с (бк, бгп, бгу, зуп, куфиб)",астана,400000.0,700000.0,KZT,от 1 года до 3 лет,полная занятость,бухгалтер
менеджер по продажам строительных материалов,астана,500000.0,1000000.0,KZT,от 3 до 6 лет,полная занятость,"менеджер по продажам, менеджер по работе с клиентами"
project manager/менеджер it проектов,астана,250000.0,350000.0,KZT,от 1 года до 3 лет,полная занятость,руководитель проектов
интернет-маркетолог,астана,250000.0,250000.0,KZT,от 1 года до 3 лет,полная занятость,"менеджер по маркетингу, интернет-маркетолог"
технолог очистных сооружений сточных вод,астана,400000.0,,KZT,от 3 до 6 лет,полная занятость,оператор производственной линии
hr generalist / hr manager / рекрутер,астана,400000.0,600000.0,KZT,от 1 года до 3 лет,полная занятость,другое
менеджер по кадрам и делопроизводству,астана,250000.0,300000.0,KZT,от 1 года до 3 лет,полная занятость,специалист по кадрам
заместитель директора,астана,450000.0,450000.0,KZT,от 3 до 6 лет,полная занятость,руководитель отдела логистики
настройщик bpm-системы,астана,150000.0,300000.0,KZT,нет опыта,полная занятость,"программист, разработчик"
